{"cameraMode":{"drawMode":0,"name":"Shaded","section":"Shading Mode"},"sceneLighting":false,"audioPlay":false,"sceneViewState":{"m_AlwaysRefresh":false,"showFog":true,"showSkybox":false,"showFlares":true,"showImageEffects":true,"showParticleSystems":true,"showVisualEffectGraphs":true,"m_FxEnabled":true},"in2DMode":false,"pivot":{"x":0.7329092025756836,"y":4.1375017166137699,"z":-0.06486129760742188},"rotation":{"x":-0.037896279245615008,"y":0.7139108777046204,"z":0.04053701087832451,"w":0.698363184928894},"size":9.050163269042969,"orthographic":false}