{"cameraMode":{"drawMode":0,"name":"Shaded","section":"Shading Mode"},"sceneLighting":false,"audioPlay":false,"sceneViewState":{"m_AlwaysRefresh":false,"showFog":true,"showSkybox":false,"showFlares":true,"showImageEffects":true,"showParticleSystems":true,"showVisualEffectGraphs":true,"m_FxEnabled":true},"in2DMode":false,"pivot":{"x":0.30000001192092898,"y":-0.18000000715255738,"z":0.6499999761581421},"rotation":{"x":-0.051234062761068347,"y":0.03619271144270897,"z":-0.0025296518579125406,"w":-0.9981770515441895},"size":0.2121320217847824,"orthographic":false}