{"cameraMode":{"drawMode":0,"name":"Shaded","section":"Shading Mode"},"sceneLighting":false,"audioPlay":false,"sceneViewState":{"m_AlwaysRefresh":false,"showFog":true,"showSkybox":false,"showFlares":true,"showImageEffects":true,"showParticleSystems":true,"showVisualEffectGraphs":true,"m_FxEnabled":true},"in2DMode":false,"pivot":{"x":2.0387229919433595,"y":3.890681505203247,"z":-26.02800178527832},"rotation":{"x":-0.05187095329165459,"y":0.016460878774523736,"z":-0.0018834318034350873,"w":-0.9987367391586304},"size":0.000017320508050033823,"orthographic":false}