{"cameraMode":{"drawMode":0,"name":"Shaded","section":"Shading Mode"},"sceneLighting":true,"audioPlay":false,"sceneViewState":{"m_AlwaysRefresh":false,"showFog":true,"showSkybox":true,"showFlares":true,"showImageEffects":true,"showParticleSystems":true,"showVisualEffectGraphs":true,"m_FxEnabled":true},"in2DMode":false,"pivot":{"x":-60.50442886352539,"y":26.761795043945314,"z":50.670894622802737},"rotation":{"x":0.04273674264550209,"y":0.9546341300010681,"z":-0.16565699875354768,"w":0.24416665732860566},"size":0.5002477169036865,"orthographic":false}