{"cameraMode":{"drawMode":0,"name":"Shaded","section":"Shading Mode"},"sceneLighting":true,"audioPlay":false,"sceneViewState":{"m_AlwaysRefresh":false,"showFog":true,"showSkybox":true,"showFlares":true,"showImageEffects":true,"showParticleSystems":true,"showVisualEffectGraphs":true,"m_FxEnabled":true},"in2DMode":false,"pivot":{"x":17.1531925201416,"y":1.9921013116836548,"z":-7.063406467437744},"rotation":{"x":-0.04461893066763878,"y":0.05752492696046829,"z":-0.0026027834974229337,"w":-0.9973813891410828},"size":7.983662128448486,"orthographic":false}