{"cameraMode":{"drawMode":0,"name":"Shaded","section":"Shading Mode"},"sceneLighting":true,"audioPlay":false,"sceneViewState":{"m_AlwaysRefresh":false,"showFog":true,"showSkybox":true,"showFlares":true,"showImageEffects":true,"showParticleSystems":true,"showVisualEffectGraphs":true,"m_FxEnabled":true},"in2DMode":false,"pivot":{"x":-20.51506996154785,"y":13.424195289611817,"z":24.412315368652345},"rotation":{"x":-0.004876629449427128,"y":-0.5663472414016724,"z":-0.00019987727864645422,"w":-0.8245109915733337},"size":7.653751373291016,"orthographic":false}